Araba/Álava;Alegría-Dulantzi
Araba/Álava;Amurrio
Araba/Álava;Aramaio
Araba/Álava;Artziniega
Araba/Álava;Asparrena
Araba/Álava;Ayala/Aiara
Araba/Álava;Campezo/Kanpezu
Araba/Álava;Iruña Oka/Iruña de Oca
Araba/Álava;Labastida/Bastida
Araba/Álava;Laguardia
Araba/Álava;Laudio/Llodio
Araba/Álava;Legutio
Araba/Álava;Okondo
Araba/Álava;Oyón-Oion
Araba/Álava;Ribera Baja/Erribera Beitia
Araba/Álava;Salvatierra/Agurain
Araba/Álava;Urkabustaiz
Araba/Álava;Vitoria-Gasteiz
Araba/Álava;Zigoitia
Araba/Álava;Zuia
Albacete;Albacete
Albacete;Almansa
Albacete;Bonillo, El
Albacete;Casas-Ibáñez
Albacete;Caudete
Albacete;Chinchilla de Monte-Aragón
Albacete;Elche de la Sierra
Albacete;Fuente-Álamo
Albacete;Gineta, La
Albacete;Hellín
Albacete;Madrigueras
Albacete;Munera
Albacete;Ossa de Montiel
Albacete;Pozo Cañada
Albacete;Roda, La
Albacete;Tarazona de la Mancha
Albacete;Tobarra
Albacete;Villamalea
Albacete;Villarrobledo
Albacete;Yeste
Alacant/Alicante;Alcoy/Alcoi
Alacant/Alicante;Alicante/Alacant
Alacant/Alicante;Benidorm
Alacant/Alicante;Campello, el
Alacant/Alicante;Crevillent
Alacant/Alicante;Dénia
Alacant/Alicante;Elche/Elx
Alacant/Alicante;Elda
Alacant/Alicante;Ibi
Alacant/Alicante;Jávea/Xàbia
Alacant/Alicante;Mutxamel
Alacant/Alicante;Novelda
Alacant/Alicante;Orihuela
Alacant/Alicante;Petrer
Alacant/Alicante;Santa Pola
Alacant/Alicante;Sant Joan d'Alacant
Alacant/Alicante;San Vicente del Raspeig/Sant Vicent del Raspeig
Alacant/Alicante;Torrevieja
Alacant/Alicante;Villajoyosa/Vila Joiosa, la
Alacant/Alicante;Villena
Almería;Adra
Almería;Albox
Almería;Almería
Almería;Berja
Almería;Carboneras
Almería;Cuevas del Almanzora
Almería;Ejido, El
Almería;Garrucha
Almería;Huércal de Almería
Almería;Huércal-Overa
Almería;Macael
Almería;Mojácar
Almería;Mojonera, La
Almería;Níjar
Almería;Olula del Río
Almería;Pulpí
Almería;Roquetas de Mar
Almería;Vélez-Rubio
Almería;Vera
Almería;Vícar
Ávila;Adrada, La
Ávila;Arenal, El
Ávila;Arenas de San Pedro
Ávila;Arévalo
Ávila;Ávila
Ávila;Barco de Ávila, El
Ávila;Barraco, El
Ávila;Burgohondo
Ávila;Candeleda
Ávila;Casavieja
Ávila;Cebreros
Ávila;Hoyo de Pinares, El
Ávila;Madrigal de las Altas Torres
Ávila;Mombeltrán
Ávila;Navaluenga
Ávila;Navas del Marqués, Las
Ávila;Piedrahíta
Ávila;Piedralaves
Ávila;Sotillo de la Adrada
Ávila;Tiemblo, El
Badajoz;Aceuchal
Badajoz;Almendralejo
Badajoz;Azuaga
Badajoz;Badajoz
Badajoz;Calamonte
Badajoz;Castuera
Badajoz;Don Benito
Badajoz;Fuente del Maestre
Badajoz;Guareña
Badajoz;Jerez de los Caballeros
Badajoz;Llerena
Badajoz;Mérida
Badajoz;Montijo
Badajoz;Olivenza
Badajoz;Puebla de la Calzada
Badajoz;Santos de Maimona, Los
Badajoz;San Vicente de Alcántara
Badajoz;Villafranca de los Barros
Badajoz;Villanueva de la Serena
Badajoz;Zafra
Illes Balears;Alcúdia
Illes Balears;Calvià
Illes Balears;Ciutadella de Menorca
Illes Balears;Eivissa
Illes Balears;Felanitx
Illes Balears;Inca
Illes Balears;Llucmajor
Illes Balears;Manacor
Illes Balears;Maó
Illes Balears;Marratxí
Illes Balears;Palma de Mallorca
Illes Balears;Pobla, Sa
Illes Balears;Pollença
Illes Balears;Santa Eulàlia de Riuprimer
Illes Balears;Santa Margalida
Illes Balears;Sant Antoni de Portmany
Illes Balears;Santanyí
Illes Balears;Sant Josep de sa Talaia
Illes Balears;Sóller
Illes Balears;Son Servera
Barcelona;Badalona
Barcelona;Barcelona
Barcelona;Castelldefels
Barcelona;Cerdanyola del Vallès
Barcelona;Cornellà de Llobregat
Barcelona;Gavà
Barcelona;Granollers
Barcelona;Hospitalet de Llobregat, L'
Barcelona;Manresa
Barcelona;Mataró
Barcelona;Mollet del Vallès
Barcelona;Prat de Llobregat, El
Barcelona;Rubí
Barcelona;Sabadell
Barcelona;Santa Coloma de Gramenet
Barcelona;Sant Boi de Llobregat
Barcelona;Sant Cugat del Vallès
Barcelona;Terrassa
Barcelona;Viladecans
Barcelona;Vilanova i la Geltrú
Burgos;Alfoz de Quintanadueñas
Burgos;Aranda de Duero
Burgos;Arcos
Burgos;Belorado
Burgos;Briviesca
Burgos;Burgos
Burgos;Espinosa de los Monteros
Burgos;Ibeas de Juarros
Burgos;Lerma
Burgos;Medina de Pomar
Burgos;Melgar de Fernamental
Burgos;Merindad de Río Ubierna
Burgos;Miranda de Ebro
Burgos;Quintanar de la Sierra
Burgos;Roa
Burgos;Salas de los Infantes
Burgos;Valle de Mena
Burgos;Villadiego
Burgos;Villagonzalo Pedernales
Burgos;Villarcayo de Merindad de Castilla la Vieja
Cáceres;Alcuéscar
Cáceres;Arroyo de la Luz
Cáceres;Cáceres
Cáceres;Casar de Cáceres
Cáceres;Coria
Cáceres;Hervás
Cáceres;Jaraíz de la Vera
Cáceres;Jarandilla de la Vera
Cáceres;Losar de la Vera
Cáceres;Malpartida de Cáceres
Cáceres;Malpartida de Plasencia
Cáceres;Miajadas
Cáceres;Montehermoso
Cáceres;Moraleja
Cáceres;Navalmoral de la Mata
Cáceres;Plasencia
Cáceres;Talayuela
Cáceres;Torrejoncillo
Cáceres;Trujillo
Cáceres;Valencia de Alcántara
Cádiz;Algeciras
Cádiz;Arcos de la Frontera
Cádiz;Barbate
Cádiz;Barrios, Los
Cádiz;Cádiz
Cádiz;Chiclana de la Frontera
Cádiz;Chipiona
Cádiz;Conil de la Frontera
Cádiz;Jerez de la Frontera
Cádiz;Línea de la Concepción, La
Cádiz;Puerto de Santa María, El
Cádiz;Puerto Real
Cádiz;Rota
Cádiz;San Fernando
Cádiz;Sanlúcar de Barrameda
Cádiz;San Roque
Cádiz;Tarifa
Cádiz;Ubrique
Cádiz;Vejer de la Frontera
Cádiz;Villamartín
Castelló/Castellón;Alcalà de Xivert
Castelló/Castellón;Alcora, l'
Castelló/Castellón;Almazora/Almassora
Castelló/Castellón;Almenara
Castelló/Castellón;Benicarló
Castelló/Castellón;Benicasim/Benicàssim
Castelló/Castellón;Betxí
Castelló/Castellón;Borriana/Burriana
Castelló/Castellón;Borriol
Castelló/Castellón;Castellón de la Plana/Castelló de la Plana
Castelló/Castellón;Moncofa
Castelló/Castellón;Nules
Castelló/Castellón;Onda
Castelló/Castellón;Oropesa del Mar/Orpesa
Castelló/Castellón;Peníscola/Peñíscola
Castelló/Castellón;Segorbe
Castelló/Castellón;Torreblanca
Castelló/Castellón;Vall d'Uixó, la
Castelló/Castellón;Vila-real
Castelló/Castellón;Vinaròs
Ciudad Real;Alcázar de San Juan
Ciudad Real;Almagro
Ciudad Real;Almodóvar del Campo
Ciudad Real;Argamasilla de Alba
Ciudad Real;Bolaños de Calatrava
Ciudad Real;Campo de Criptana
Ciudad Real;Ciudad Real
Ciudad Real;Daimiel
Ciudad Real;Herencia
Ciudad Real;Malagón
Ciudad Real;Manzanares
Ciudad Real;Membrilla
Ciudad Real;Miguelturra
Ciudad Real;Pedro Muñoz
Ciudad Real;Puertollano
Ciudad Real;Socuéllamos
Ciudad Real;Solana, La
Ciudad Real;Tomelloso
Ciudad Real;Valdepeñas
Ciudad Real;Villarrubia de los Ojos
Córdoba;Aguilar de la Frontera
Córdoba;Almodóvar del Río
Córdoba;Baena
Córdoba;Bujalance
Córdoba;Cabra
Córdoba;Carlota, La
Córdoba;Castro del Río
Córdoba;Córdoba
Córdoba;Fernán-Núñez
Córdoba;Fuente Palmera
Córdoba;Lucena
Córdoba;Montilla
Córdoba;Montoro
Córdoba;Palma del Río
Córdoba;Peñarroya-Pueblonuevo
Córdoba;Pozoblanco
Córdoba;Priego de Córdoba
Córdoba;Puente Genil
Córdoba;Rute
Córdoba;Villanueva de Córdoba
A Coruña;Ames
A Coruña;Arteixo
A Coruña;Betanzos
A Coruña;Boiro
A Coruña;Cambre
A Coruña;Carballo
A Coruña;Coruña, A
A Coruña;Culleredo
A Coruña;Fene
A Coruña;Ferrol
A Coruña;Laracha, A
A Coruña;Narón
A Coruña;Noia
A Coruña;Oleiros
A Coruña;Ordes
A Coruña;Rianxo
A Coruña;Ribeira
A Coruña;Sada
A Coruña;Santiago de Compostela
A Coruña;Teo
Cuenca;Alberca de Záncara, La
Cuenca;Belmonte
Cuenca;Casasimarro
Cuenca;Cuenca
Cuenca;Horcajo de Santiago
Cuenca;Huete
Cuenca;Iniesta
Cuenca;Ledaña
Cuenca;Mesas, Las
Cuenca;Minglanilla
Cuenca;Mota del Cuervo
Cuenca;Motilla del Palancar
Cuenca;Pedroñeras, Las
Cuenca;Provencio, El
Cuenca;Quintanar del Rey
Cuenca;San Clemente
Cuenca;Sisante
Cuenca;Tarancón
Cuenca;Villamayor de Santiago
Cuenca;Villanueva de la Jara
Girona;Banyoles
Girona;Bisbal d'Empordà, La
Girona;Blanes
Girona;Calonge
Girona;Cassà de la Selva
Girona;Castelló d'Empúries
Girona;Castell-Platja d'Aro
Girona;Escala, L'
Girona;Figueres
Girona;Girona
Girona;Lloret de Mar
Girona;Olot
Girona;Palafrugell
Girona;Palamós
Girona;Ripoll
Girona;Roses
Girona;Salt
Girona;Santa Coloma de Farners
Girona;Sant Feliu de Guíxols
Girona;Torroella de Montgrí
Granada;Albolote
Granada;Almuñécar
Granada;Armilla
Granada;Atarfe
Granada;Baza
Granada;Churriana de la Vega
Granada;Gabias, Las
Granada;Granada
Granada;Guadix
Granada;Huétor Vega
Granada;Illora
Granada;Loja
Granada;Maracena
Granada;Motril
Granada;Ogíjares
Granada;Peligros
Granada;Pinos Puente
Granada;Salobreña
Granada;Santa Fe
Granada;Zubia, La
Guadalajara;Alovera
Guadalajara;Azuqueca de Henares
Guadalajara;Brihuega
Guadalajara;Cabanillas del Campo
Guadalajara;Casar, El
Guadalajara;Chiloeches
Guadalajara;Fontanar
Guadalajara;Galápagos
Guadalajara;Guadalajara
Guadalajara;Horche
Guadalajara;Marchamalo
Guadalajara;Molina de Aragón
Guadalajara;Mondéjar
Guadalajara;Pioz
Guadalajara;Sigüenza
Guadalajara;Torrejón del Rey
Guadalajara;Uceda
Guadalajara;Villanueva de la Torre
Guadalajara;Yebes
Guadalajara;Yunquera de Henares
Gipuzkoa;Andoain
Gipuzkoa;Arrasate/Mondragón
Gipuzkoa;Azkoitia
Gipuzkoa;Azpeitia
Gipuzkoa;Beasain
Gipuzkoa;Bergara
Gipuzkoa;Donostia-San Sebastián
Gipuzkoa;Eibar
Gipuzkoa;Elgoibar
Gipuzkoa;Errenteria
Gipuzkoa;Hernani
Gipuzkoa;Hondarribia
Gipuzkoa;Irun
Gipuzkoa;Lasarte-Oria
Gipuzkoa;Oiartzun
Gipuzkoa;Oñati
Gipuzkoa;Pasaia
Gipuzkoa;Tolosa
Gipuzkoa;Zarautz
Gipuzkoa;Zumarraga
Huelva;Aljaraque
Huelva;Almonte
Huelva;Aracena
Huelva;Ayamonte
Huelva;Bollullos Par del Condado
Huelva;Bonares
Huelva;Cartaya
Huelva;Gibraleón
Huelva;Huelva
Huelva;Isla Cristina
Huelva;Lepe
Huelva;Moguer
Huelva;Nerva
Huelva;Palma del Condado, La
Huelva;Palos de la Frontera
Huelva;Punta Umbría
Huelva;Rociana del Condado
Huelva;San Juan del Puerto
Huelva;Trigueros
Huelva;Valverde del Camino
Huesca;Aínsa-Sobrarbe
Huesca;Almudévar
Huesca;Altorricón
Huesca;Barbastro
Huesca;Benasque
Huesca;Biescas
Huesca;Binaced
Huesca;Binéfar
Huesca;Fraga
Huesca;Grañén
Huesca;Graus
Huesca;Gurrea de Gállego
Huesca;Huesca
Huesca;Jaca
Huesca;Monzón
Huesca;Sabiñánigo
Huesca;Sallent de Gállego
Huesca;Sariñena
Huesca;Tamarite de Litera
Huesca;Zaidín
Jaén;Alcalá la Real
Jaén;Alcaudete
Jaén;Andújar
Jaén;Baeza
Jaén;Bailén
Jaén;Carolina, La
Jaén;Cazorla
Jaén;Jaén
Jaén;Jódar
Jaén;Linares
Jaén;Mancha Real
Jaén;Marmolejo
Jaén;Martos
Jaén;Mengíbar
Jaén;Torre del Campo
Jaén;Torredonjimeno
Jaén;Torreperogil
Jaén;Úbeda
Jaén;Villacarrillo
Jaén;Villanueva del Arzobispo
León;Astorga
León;Bañeza, La
León;Bembibre
León;Cacabelos
León;Camponaraya
León;Carracedelo
León;Cistierna
León;Fabero
León;León
León;Pola de Gordón, La
León;Ponferrada
León;Robla, La
León;San Andrés del Rabanedo
León;Sariegos
León;Toreno
León;Valencia de Don Juan
León;Valverde de la Virgen
León;Villablino
León;Villafranca del Bierzo
León;Villaquilambre
Lleida;Agramunt
Lleida;Alcarràs
Lleida;Almacelles
Lleida;Almenar
Lleida;Alpicat
Lleida;Artesa de Segre
Lleida;Balaguer
Lleida;Bellpuig
Lleida;Borges Blanques, Les
Lleida;Cervera
Lleida;Guissona
Lleida;Juneda
Lleida;Lleida
Lleida;Mollerussa
Lleida;Seu d'Urgell, La
Lleida;Solsona
Lleida;Tàrrega
Lleida;Torrefarrera
Lleida;Tremp
Lleida;Vielha e Mijaran
La Rioja;Albelda de Iregua
La Rioja;Alberite
La Rioja;Aldeanueva de Ebro
La Rioja;Alfaro
La Rioja;Arnedo
La Rioja;Autol
La Rioja;Calahorra
La Rioja;Cenicero
La Rioja;Cervera del Río Alhama
La Rioja;Ezcaray
La Rioja;Fuenmayor
La Rioja;Haro
La Rioja;Lardero
La Rioja;Logroño
La Rioja;Nájera
La Rioja;Navarrete
La Rioja;Pradejón
La Rioja;Rincón de Soto
La Rioja;Santo Domingo de la Calzada
La Rioja;Villamediana de Iregua
Lugo;Burela
Lugo;Castro de Rei
Lugo;Cervo
Lugo;Chantada
Lugo;Corgo, O
Lugo;Cospeito
Lugo;Fonsagrada, A
Lugo;Foz
Lugo;Friol
Lugo;Guitiriz
Lugo;Lugo
Lugo;Mondoñedo
Lugo;Monforte de Lemos
Lugo;Monterroso
Lugo;Outeiro de Rei
Lugo;Ribadeo
Lugo;Sarria
Lugo;Saviñao, O
Lugo;Vilalba
Lugo;Viveiro
Madrid;Alcalá de Henares
Madrid;Alcobendas
Madrid;Alcorcón
Madrid;Aranjuez
Madrid;Arganda del Rey
Madrid;Collado Villalba
Madrid;Coslada
Madrid;Fuenlabrada
Madrid;Getafe
Madrid;Leganés
Madrid;Madrid
Madrid;Majadahonda
Madrid;Móstoles
Madrid;Parla
Madrid;Pozuelo de Alarcón
Madrid;Rivas-Vaciamadrid
Madrid;Rozas de Madrid, Las
Madrid;San Sebastián de los Reyes
Madrid;Torrejón de Ardoz
Madrid;Valdemoro
Málaga;Alhaurín de la Torre
Málaga;Alhaurín el Grande
Málaga;Álora
Málaga;Antequera
Málaga;Benalmádena
Málaga;Cártama
Málaga;Coín
Málaga;Estepona
Málaga;Fuengirola
Málaga;Málaga
Málaga;Manilva
Málaga;Marbella
Málaga;Mijas
Málaga;Nerja
Málaga;Pizarra
Málaga;Rincón de la Victoria
Málaga;Ronda
Málaga;Torremolinos
Málaga;Torrox
Málaga;Vélez-Málaga
Murcia;Águilas
Murcia;Alcantarilla
Murcia;Alhama de Murcia
Murcia;Archena
Murcia;Caravaca de la Cruz
Murcia;Cartagena
Murcia;Cieza
Murcia;Jumilla
Murcia;Lorca
Murcia;Mazarrón
Murcia;Molina de Segura
Murcia;Mula
Murcia;Murcia
Murcia;San Javier
Murcia;San Pedro del Pinatar
Murcia;Torre-Pacheco
Murcia;Torres de Cotillas, Las
Murcia;Totana
Murcia;Unión, La
Murcia;Yecla
Navarra;Altsasu/Alsasua
Navarra;Ansoáin/Antsoain
Navarra;Aranguren
Navarra;Barañain
Navarra;Baztan
Navarra;Berrioplano/Berriobeiti
Navarra;Berriozar
Navarra;Burlada/Burlata
Navarra;Cintruénigo
Navarra;Corella
Navarra;Estella-Lizarra
Navarra;Huarte/Uharte
Navarra;Noáin (Valle de Elorz)/Noain (Elortzibar)
Navarra;Pamplona/Iruña
Navarra;San Adrián
Navarra;Tafalla
Navarra;Tudela
Navarra;Egüés
Navarra;Villava/Atarrabia
Navarra;Zizur Mayor/Zizur Nagusia
Ourense;Allariz
Ourense;Barbadás
Ourense;Barco de Valdeorras, O
Ourense;Boborás
Ourense;Carballiño, O
Ourense;Cartelle
Ourense;Celanova
Ourense;Coles
Ourense;Maceda
Ourense;Maside
Ourense;Monterrei
Ourense;Ourense
Ourense;Pereiro de Aguiar, O
Ourense;Ribadavia
Ourense;Rúa, A
Ourense;San Cibrao das Viñas
Ourense;Toén
Ourense;Verín
Ourense;Viana do Bolo
Ourense;Xinzo de Limia
Asturias;Aller
Asturias;Avilés
Asturias;Cangas del Narcea
Asturias;Carreño
Asturias;Castrillón
Asturias;Corvera de Asturias
Asturias;Gijón
Asturias;Gozón
Asturias;Grado
Asturias;Langreo
Asturias;Laviana
Asturias;Lena
Asturias;Llanera
Asturias;Llanes
Asturias;Mieres
Asturias;Oviedo
Asturias;San Martín del Rey Aurelio
Asturias;Siero
Asturias;Valdés
Asturias;Villaviciosa
Palencia;Aguilar de Campoo
Palencia;Baltanás
Palencia;Barruelo de Santullán
Palencia;Carrión de los Condes
Palencia;Cervera de Pisuerga
Palencia;Dueñas
Palencia;Grijota
Palencia;Guardo
Palencia;Herrera de Pisuerga
Palencia;Magaz de Pisuerga
Palencia;Osorno la Mayor
Palencia;Palencia
Palencia;Paredes de Nava
Palencia;Saldaña
Palencia;Santibáñez de la Peña
Palencia;Velilla del Río Carrión
Palencia;Venta de Baños
Palencia;Villada
Palencia;Villalobón
Palencia;Villamuriel de Cerrato
Las Palmas;Agüimes
Las Palmas;Arrecife
Las Palmas;Arucas
Las Palmas;Gáldar
Las Palmas;Ingenio
Las Palmas;Mogán
Las Palmas;Oliva, La
Las Palmas;Pájara
Las Palmas;Palmas de Gran Canaria, Las
Las Palmas;Puerto del Rosario
Las Palmas;San Bartolomé
Las Palmas;San Bartolomé de Tirajana
Las Palmas;Santa Brígida
Las Palmas;Santa Lucía de Tirajana
Las Palmas;Santa María de Guía de Gran Canaria
Las Palmas;Teguise
Las Palmas;Telde
Las Palmas;Tías
Las Palmas;Tuineje
Las Palmas;Yaiza
Pontevedra;Bueu
Pontevedra;Cambados
Pontevedra;Cangas
Pontevedra;Estrada, A
Pontevedra;Gondomar
Pontevedra;Lalín
Pontevedra;Marín
Pontevedra;Moaña
Pontevedra;Mos
Pontevedra;Nigrán
Pontevedra;Poio
Pontevedra;Ponteareas
Pontevedra;Pontevedra
Pontevedra;Porriño, O
Pontevedra;Redondela
Pontevedra;Sanxenxo
Pontevedra;Tomiño
Pontevedra;Tui
Pontevedra;Vigo
Pontevedra;Vilagarcía de Arousa
Salamanca;Alba de Tormes
Salamanca;Aldeatejada
Salamanca;Béjar
Salamanca;Cabrerizos
Salamanca;Carbajosa de la Sagrada
Salamanca;Castellanos de Moriscos
Salamanca;Ciudad Rodrigo
Salamanca;Doñinos de Salamanca
Salamanca;Fuente de San Esteban, La
Salamanca;Guijuelo
Salamanca;Ledesma
Salamanca;Lumbrales
Salamanca;Peñaranda de Bracamonte
Salamanca;Salamanca
Salamanca;Santa Marta de Tormes
Salamanca;Terradillos
Salamanca;Villamayor
Salamanca;Villares de la Reina
Salamanca;Villoria
Salamanca;Vitigudino
Santa Cruz de Tenerife;Adeje
Santa Cruz de Tenerife;Arona
Santa Cruz de Tenerife;Candelaria
Santa Cruz de Tenerife;Granadilla de Abona
Santa Cruz de Tenerife;Guía de Isora
Santa Cruz de Tenerife;Güímar
Santa Cruz de Tenerife;Icod de los Vinos
Santa Cruz de Tenerife;Llanos de Aridane, Los
Santa Cruz de Tenerife;Orotava, La
Santa Cruz de Tenerife;Puerto de la Cruz
Santa Cruz de Tenerife;Realejos, Los
Santa Cruz de Tenerife;Rosario, El
Santa Cruz de Tenerife;San Cristóbal de La Laguna
Santa Cruz de Tenerife;San Miguel de Abona
Santa Cruz de Tenerife;Santa Cruz de la Palma
Santa Cruz de Tenerife;Santa Cruz de Tenerife
Santa Cruz de Tenerife;Santa Úrsula
Santa Cruz de Tenerife;Santiago del Teide
Santa Cruz de Tenerife;Tacoronte
Santa Cruz de Tenerife;Tegueste
Cantabria;Astillero, El
Cantabria;Cabezón de la Sal
Cantabria;Camargo
Cantabria;Cartes
Cantabria;Castro-Urdiales
Cantabria;Colindres
Cantabria;Corrales de Buelna, Los
Cantabria;Laredo
Cantabria;Marina de Cudeyo
Cantabria;Medio Cudeyo
Cantabria;Piélagos
Cantabria;Polanco
Cantabria;Reinosa
Cantabria;Reocín
Cantabria;Santa Cruz de Bezana
Cantabria;Santa María de Cayón
Cantabria;Santander
Cantabria;Santoña
Cantabria;Suances
Cantabria;Torrelavega
Segovia;Ayllón
Segovia;Cantalejo
Segovia;Cantimpalos
Segovia;Carbonero el Mayor
Segovia;Coca
Segovia;Cuéllar
Segovia;Espinar, El
Segovia;Hontanares de Eresma
Segovia;Lastrilla, La
Segovia;Nava de la Asunción
Segovia;Navalmanzano
Segovia;Navas de Oro
Segovia;Palazuelos de Eresma
Segovia;Real Sitio de San Ildefonso
Segovia;Riaza
Segovia;San Cristóbal de Segovia
Segovia;Segovia
Segovia;Sepúlveda
Segovia;Torrecaballeros
Segovia;Villacastín
Sevilla;Alcalá de Guadaíra
Sevilla;Arahal
Sevilla;Bormujos
Sevilla;Camas
Sevilla;Carmona
Sevilla;Coria del Río
Sevilla;Dos Hermanas
Sevilla;Écija
Sevilla;Lebrija
Sevilla;Lora del Río
Sevilla;Mairena del Alcor
Sevilla;Mairena del Aljarafe
Sevilla;Marchena
Sevilla;Morón de la Frontera
Sevilla;Palacios y Villafranca, Los
Sevilla;Rinconada, La
Sevilla;San Juan de Aznalfarache
Sevilla;Sevilla
Sevilla;Tomares
Sevilla;Utrera
Soria;Ágreda
Soria;Almarza
Soria;Almazán
Soria;Arcos de Jalón
Soria;Berlanga de Duero
Soria;Burgo de Osma-Ciudad de Osma
Soria;Covaleda
Soria;Duruelo de la Sierra
Soria;Garray
Soria;Golmayo
Soria;Langa de Duero
Soria;Medinaceli
Soria;Navaleno
Soria;Ólvega
Soria;Rábanos, Los
Soria;San Esteban de Gormaz
Soria;San Leonardo de Yagüe
Soria;San Pedro Manrique
Soria;Soria
Soria;Vinuesa
Tarragona;Alcanar
Tarragona;Ametlla de Mar, L'
Tarragona;Amposta
Tarragona;Calafell
Tarragona;Cambrils
Tarragona;Cunit
Tarragona;Deltebre
Tarragona;Montblanc
Tarragona;Mont-roig del Camp
Tarragona;Reus
Tarragona;Roquetes
Tarragona;Salou
Tarragona;Sant Carles de la Ràpita
Tarragona;Tarragona
Tarragona;Torredembarra
Tarragona;Tortosa
Tarragona;Ulldecona
Tarragona;Valls
Tarragona;Vendrell, El
Tarragona;Vila-seca
Teruel;Albalate del Arzobispo
Teruel;Albarracín
Teruel;Alcañiz
Teruel;Alcorisa
Teruel;Andorra
Teruel;Calaceite
Teruel;Calamocha
Teruel;Calanda
Teruel;Cella
Teruel;Escucha
Teruel;Híjar
Teruel;Mas de las Matas
Teruel;Monreal del Campo
Teruel;Montalbán
Teruel;Mora de Rubielos
Teruel;Santa Eulalia
Teruel;Sarrión
Teruel;Teruel
Teruel;Utrillas
Teruel;Valderrobres
Toledo;Argés
Toledo;Bargas
Toledo;Consuegra
Toledo;Fuensalida
Toledo;Illescas
Toledo;Madridejos
Toledo;Mora
Toledo;Ocaña
Toledo;Olías del Rey
Toledo;Puebla de Almoradiel, La
Toledo;Puebla de Montalbán, La
Toledo;Quintanar de la Orden
Toledo;Seseña
Toledo;Sonseca
Toledo;Talavera de la Reina
Toledo;Toledo
Toledo;Torrijos
Toledo;Villacañas
Toledo;Yébenes, Los
Toledo;Yuncos
València/Valencia;Alaquàs
València/Valencia;Aldaia
València/Valencia;Algemesí
València/Valencia;Alzira
València/Valencia;Burjassot
València/Valencia;Catarroja
València/Valencia;Gandia
València/Valencia;Manises
València/Valencia;Mislata
València/Valencia;Oliva
València/Valencia;Ontinyent
València/Valencia;Paiporta
València/Valencia;Paterna
València/Valencia;Quart de Poblet
València/Valencia;Sagunto/Sagunt
València/Valencia;Sueca
València/Valencia;Torrent
València/Valencia;Valencia
València/Valencia;Xàtiva
València/Valencia;Xirivella
Valladolid;Aldeamayor de San Martín
Valladolid;Arroyo de la Encomienda
Valladolid;Boecillo
Valladolid;Cabezón de Pisuerga
Valladolid;Cigales
Valladolid;Cistérniga
Valladolid;Íscar
Valladolid;Laguna de Duero
Valladolid;Medina del Campo
Valladolid;Medina de Rioseco
Valladolid;Olmedo
Valladolid;Pedrajas de San Esteban
Valladolid;Peñafiel
Valladolid;Renedo de Esgueva
Valladolid;Santovenia de Pisuerga
Valladolid;Simancas
Valladolid;Tordesillas
Valladolid;Tudela de Duero
Valladolid;Valladolid
Valladolid;Zaratán
Bizkaia;Amorebieta-Etxano
Bizkaia;Arrigorriaga
Bizkaia;Barakaldo
Bizkaia;Basauri
Bizkaia;Bermeo
Bizkaia;Bilbao
Bizkaia;Durango
Bizkaia;Erandio
Bizkaia;Ermua
Bizkaia;Etxebarri
Bizkaia;Galdakao
Bizkaia;Gernika-Lumo
Bizkaia;Getxo
Bizkaia;Leioa
Bizkaia;Mungia
Bizkaia;Portugalete
Bizkaia;Santurtzi
Bizkaia;Sestao
Bizkaia;Sopelana
Bizkaia;Valle de Trápaga-Trapagaran
Zamora;Alcañices
Zamora;Benavente
Zamora;Bermillo de Sayago
Zamora;Coreses
Zamora;Corrales del Vino
Zamora;Fermoselle
Zamora;Fuentesaúco
Zamora;Galende
Zamora;Monfarracinos
Zamora;Moraleja del Vino
Zamora;Morales del Vino
Zamora;Morales de Toro
Zamora;Puebla de Sanabria
Zamora;San Cristóbal de Entreviñas
Zamora;Santa Cristina de la Polvorosa
Zamora;Santibáñez de Vidriales
Zamora;Toro
Zamora;Villalpando
Zamora;Villaralbo
Zamora;Zamora
Zaragoza;Alagón
Zaragoza;Almunia de Doña Godina, La
Zaragoza;Borja
Zaragoza;Calatayud
Zaragoza;Caspe
Zaragoza;Cuarte de Huerva
Zaragoza;Ejea de los Caballeros
Zaragoza;Épila
Zaragoza;Fuentes de Ebro
Zaragoza;María de Huerva
Zaragoza;Muela, La
Zaragoza;Pedrola
Zaragoza;Pinseque
Zaragoza;Puebla de Alfindén, La
Zaragoza;Tarazona
Zaragoza;Tauste
Zaragoza;Utebo
Zaragoza;Villanueva de Gállego
Zaragoza;Zaragoza
Zaragoza;Zuera
Ceuta;Ceuta
Melilla;Melilla